idealPower1;sref;idealPower2;href;
-6;976.716324736071;5;193413.494010851;
-6.12327552777825;1000.00603767427;5.11465440592609;200001.207534854;
