idealPower1;sref;idealPower2;href;
-6.5;1070.87088109004;5.5;222086.733729488;
-6;976.4088521783;5;193358.166908212;
-7;1165.33291000178;6;250815.300550764;
-6.12487106244427;1000;5.11559631799783;200000;
